[

	{
	"movie":"RA.One (2D) (U)",
	"info":"Starring Khan alongside Kareena Kapoor and Arjun Rampal, Ra.One, on the one hand, has special effects that no Hindi movie can boast of so far, but on the other, it is saddled with an almost 1990s-style treatment with songs popping out of nowhere and dialogues that make you cringe.Even as Shah Rukh Khan flies over buildings, jumps over cars and even stops an out-of-control train with his bare hands, his valiant efforts to wow his audiences somewhat fail thanks to a weak storyline, some rather juvenile acting and a poor screenplay.",
		"rating":3.5
	},
	{
		"movie":"Infinity War (3D)",
		"info":"Avengers: Infinity War is a 2018 American superhero film based on the Marvel Comics superhero team the Avengers, produced by Marvel Studios and distributed by Walt Disney Studios Motion Pictures. It is the sequel to 2012's The Avengers and 2015's Avengers: Age of Ultron, and the nineteenth film in the Marvel Cinematic Universe (MCU).",
		"rating":4.5
	},
	{
		"movie":"Gudachari (2D) (U)",
		"info":"A young NSA agent is framed for the murder of his bosses making him realize that now his mission is darker than expected and has some personal scores to settle regarding his father's death, a former NSA agent.",
		"rating":4.5
	},
	{
		"movie":"Gold (2D)",
		"info":"Gold: The Dream That United Our Nation is a 2018 Indian historical sports-drama film on Hockey, directed by Reema Kagti and produced by Ritesh Sidhwani and Farhan Akhtar under the Excel Entertainment banner.",
		"rating":4.0
	},
	{
		"movie":"The Little Mermaid (2D)",
		"info":"A young reporter and his niece discover a beautiful and enchanting creature they believe to be the real little mermaid.",
		"rating":4.0
	},
	{
		"movie":"parmanu (2D)",
		"info":"A look at India's second confidential nuclear test series at Pokhran led by Dr. APJ Abdul Kalam, during the time of PM Atal Bihari Vajpayee's tenure.",
		"rating":4.5
	},
	{
		"movie":"Inside Out (2D)",
		"info":"After young Riley is uprooted from her Midwest life and moved to San Francisco, her emotions - Joy, Fear, Anger, Disgust and Sadness - conflict on how best to navigate a new city, house, and school..",
		"rating":4.5
	},
	{
		"movie":"Satyameva Jayate (2D)",
		"info":"DCP Shivansh has been tasked to catch Vir, the man behind police killings in the city. Both are eventually against the same enemy but divided by a fine line, the law..",
		"rating":4.0
	},
	{
		"movie":"Pari (2D)",
		"info":"Pari is a supernatural horror film in which a man attempts to help a woman named Ruksana, an abuse victim, who he found chained up in a hut.",
		"rating":4.0
	},
	{
		"movie":"shatamanamBhavati",
		"info":"The anguish that negligent children can cause is depicted here from the parents' perspective.",
		"rating":4.0
	}

]